<?xml version="1.0" encoding="UTF-8"?>
<locale xmlns="https://github.com/openSUSE/docserv/l10n" default="1" lang="en-us">

  <!-- General -->
  <content key="category-core-doc">核心产品文档</content>
  <content key="category-release-notes">发行说明</content>
  <content key="category-best-practice">最佳实践</content>
  <content key="category-additional-doc">其他文档</content>
  <content key="category-additional-doc-desc">
    <p>
      此类别包含指向其他文档的链接，这些文档是为此产品的基础产品创建的。
    </p>
  </content>
  <content key="category-solution">解决方案文档</content>
  <content key="category-archive">存档</content>
  <content key="category-archive-desc">
    <p>
      存档只包含核心产品文档，而不包含相关文档。
    </p>
  </content>

  <!-- SLES/SLED/openSUSE -->
  <content key="category-installation-upgrade">安装和升级</content>
  <content key="category-administration">管理</content>
  <content key="category-security">安全性</content>
  <content key="category-container-virtualization">容器和虚拟化</content>
  <content key="category-end-user">最终用户</content>

  <!-- SLE-HA -->
  <content key="category-sleha-general">SUSE Linux Enterprise High Availability Extension</content>
  <content key="category-sleha-geo">Geo Clustering for SUSE Linux Enterprise High Availability Extension</content>

  <!-- product descriptions -->
  <content key="kiwi-desc">
    <p>
      KIWI NG（下一代）是用于构建 Linux 系统设备的命令行实用程序。此处发布的文档是为最新的 KIWI NG 上游版本编写的。此上游版本的工作方式可能与最新的 SUSE Linux Enterprise 版本中随附的版本略有不同。
    </p>
    <p>
      适用于您的操作系统版本的 KIWI NG 上游版本的内部版本<a href="https://download.opensuse.org/repositories/Virtualization:/Appliances:/Builder">可从 OBS 获得</a>。我们会尽最大努力为这些内部版本提供支持。
    </p>
  </content>

  <content key="sles-sap-desc">
    <p>
      SUSE Linux Enterprise Server for SAP Applications 是适用于 SAP HANA、SAP NetWeaver 和 SAP S/4HANA 解决方案的领先 Linux 平台，可提供优化的性能，减少停机时间，并加快 SAP Landscape 的部署速度。此产品还具有保护 SAP HANA 系统的功能，可让系统管理员轻松过渡到 SAP S/4HANA。
    </p>
  </content>

  <content key="sle-hpc-desc">
    <p>
      SUSE Linux Enterprise for High Performance Computing 是一套高度可缩放的高性能开源操作系统，可利用并行计算的强大能力进行建模、模拟，以及处理高级分析工作负载。SUSE Linux Enterprise High-Performance Computing 提供了与高性能计算有关的工具和库，包括工作负载管理器、远程和并行外壳、监视和测量工具，以及用于完成 HPC 任务的库。
    </p>
  </content>

  <content key="sle-rt-desc">
    <p>
      对于许多组织而言，业务的成功与否取决于企业 IT 系统的高可用性和响应能力。SUSE Linux Enterprise Real Time 是一套实时开源操作系统，可降低延迟，并提高对时间敏感的业务关键型应用程序的可预测性和可靠性。
    </p>
    <p>
      如果您能对新信息和不断变化的市场形势快速作出反应，就会比那些做不到这一点的组织占据明显优势。SUSE Linux Enterprise Real Time 降低了进程调度延迟，助力您获得所需的时间优势，先于您的竞争对手提高利润或避免更多经济损失。
    </p>
  </content>

  <content key="sle-micro-desc">
    <p>
      SUSE Linux Enterprise Micro 是一套安全的轻量级边缘操作系统。它将 SUSE Linux Enterprise 的企业强化组件与开发人员需要的各种功能融入一套现代的不可变操作系统。从而形成一个可靠的基础设施平台，不仅具有最佳的合规性，而且易于使用。
    </p>
    <p>
      SUSE Linux Enterprise Micro 的订阅模式灵活方便，非常适合任何边缘、嵌入式或物联网部署，并且不会产生供应商锁定。利用 SUSE Linux Enterprise Micro，您可以构建和扩展各种行业的边缘系统，包括航空航天、电信、汽车、国防、医疗保健和制造业。
    </p>
  </content>

  <content key="sle-vmdp-desc">
    <p>
     SUSE 虚拟机驱动程序包中的半虚拟化驱动程序可以实现半虚拟化的性能优势，而全虚拟化则具有更广泛的适用范围。其实现方式是在 SUSE Linux Enterprise 的 Xen 和 KVM 超级管理程序与在虚拟环境中运行的未经修改的 Guest 操作系统之间打开额外的通讯通道，从而加快网络和储存输入/输出速度，并提高整体效率。
    </p>
  </content>

  <content key="suma-desc">
    <p>
      SUSE Manager 是一套顶尖的开源基础设施管理解决方案，适用于软件定义的基础设施。
    </p>
    <p>
      SUSE Manager 可帮助您的企业开发运维团队和 IT 运维团队降低复杂性，并重新掌控您的 IT 资产。借助 SUSE Manager 这项工具，您可以跨各种硬件体系结构、超级管理程序以及容器、物联网和云平台集中管理 Linux 系统。它可以自动进行 Linux 服务器和物联网设备的供应、增补和配置，从而实现快速、一致、可重复的服务器部署，有助于优化运营和降低成本。通过自动监视、跟踪、审计和报告开发、测试和生产环境中的系统、虚拟机和容器，您可以确保遵守内部安全策略和外部法规。
    </p>
  </content>

  <content key="suma-retail-desc">
    <p>
      SUSE Manager for Retail 是新一代开源基础设施管理解决方案，提供一流的开源基础设施管理，专门针对零售业优化和量身打造。从大型机和 HPC 集群、裸机服务器和虚拟机，到服务点终端、信息亭、自助服务和反向售货系统 Linux 部署，SUSE Manager for Retail 均可帮助您降低成本、优化运营，并确保整个 IT 基础设施的合规性，同时降低复杂性并重获掌控能力。
    </p>
  </content>

</locale>
