<?xml version="1.0" encoding="UTF-8"?>
<locale xmlns="https://github.com/openSUSE/docserv/l10n" lang="es-es">
  <content key="this-language">Español</content>

  <!-- metadata & breadcrumbs -->
  <content key="site-name">Documentación de SUSE</content>

  <content key="crumb-home">Documentación</content>

  <content key="crumb-supported">Productos con asistencia</content>
  <content key="site-title-main">Productos con asistencia | Documentación de SUSE</content>
  <content key="page-desc-main">
    En el sitio de documentación de SUSE encontrará documentación técnica
    como guías, guías de inicio rápido, manuales y prácticas recomendadas
    para todos los productos y soluciones SUSE.
  </content>

  <content key="crumb-unsupported">Productos sin asistencia</content>
  <content key="site-title-unsupported">Productos sin asistencia | Documentación de SUSE</content>
  <content key="page-desc-unsupported">
    En esta parte del sitio de documentación de SUSE encontrará documentación
    técnica para productos que no incluyen asistencia.
  </content>

  <content key="crumb-search">Buscar</content>
  <content key="site-title-search">Buscar | Documentación de SUSE</content>
  <content key="page-desc-search">
    Búsqueda en el sitio de documentación de SUSE.
  </content>

  <content key="crumb-not-found">No se encuentra</content>
  <content key="site-title-not-found">No se encuentra | Documentación de SUSE</content>
  <content key="page-desc-not-found">
    No se encuentra esta página.
  </content>


  <!-- menu -->
  <content key="search-placeholder">Buscar con Google</content>
  <content key="search-placeholder-long">Buscar documentación de SUSE con Google</content>
  <content key="search-title">Buscar</content>
  <content key="search-button">Buscar</content>

  <content key="menu-customer-center">Centro de servicios al cliente</content>

  <content key="menu-supported">Documentación de productos con asistencia</content>
  <content key="menu-unsupported">Documentación de productos sin asistencia</content>
  <content key="menu-release-notes">Notas de la versión</content>
  <content key="menu-knowledgebase">Base de conocimiento</content>
  <content key="menu-homepage">Página principal de SUSE</content>


  <!-- footer -->
  <content key="footer-language">Idioma</content>
  <content key="footer-language-desc">Seleccione un idioma</content>
  <content key="footer-explore">Explorar</content>
  <content key="footer-explore-desc">Vea lo que está sucediendo en todo el mundo</content>

  <content key="footer-career">Empleo</content>
  <content key="footer-legal">Legal</content>
  <content key="footer-about">Acerca de</content>
  <content key="footer-anti-slavery">Declaración contra el trabajo esclavo</content>
  <content key="footer-communication">Preferencias de comunicaciones</content>
  <content key="footer-contact">Contacto</content>

  <content key="footer-social-facebook">SUSE en Facebook</content>
  <content key="footer-social-twitter">SUSE en Twitter</content>
  <content key="footer-social-linkedin">SUSE en LinkedIn</content>

  <content key="footer-right">© @{{#year#}} SUSE. Reservados todos los derechos</content>
  <content key="footer-privacy">Política de privacidad y cookies</content>

  <content key="js-message">Esta página requiere JavaScript. Compruebe que se ha habilitado.</content>

  <!-- main content -->
  <content key="main-head">Documentación de productos SUSE</content>
  <content key="main-para-intro">
    Le damos la bienvenida a la página principal de documentación sobre productos
    SUSE.
    En ella encontrará documentación técnica como guías, guías de inicio
    rápido, manuales y prácticas recomendadas para todos los productos y
    soluciones SUSE.
  </content>
  <content key="main-para-survey">Cuéntenos su opinión:</content>
  <content key="main-survey-button">Participar en nuestra encuesta</content>
  <content key="main-para-links">
    Para ver notas de la versión de nuestros productos, consulte la página
    <a href="https://www.suse.com/releasenotes">Notas de la versión</a>.<br />
    Para obtener documentación sobre los productos Rancher, consulte el
    <a href="https://www.rancher.com/docs">sitio Web de Rancher</a>.<br />
    También puede ver
    <a href="/@{{#ui_language_omissible_slash#}}unsupported.html">productos para los que no se ofrece asistencia</a>.
  </content>

  <!-- unsupported content -->
  <content key="unsupported-head">Documentación de productos de SUSE sin asistencia</content>
  <content key="unsupported-para-intro">
    La documentación que aparece en esta página es para productos SUSE que ya
    no reciben mantenimiento ni asistencia. Si todavía utiliza uno de estos
    productos, considere la posibilidad de actualizar a una versión más
    reciente.
  </content>
  <content key="unsupported-para-explain">
    La documentación de los productos sin asistencia solo se puede descargar
    en archivos ZIP y no se incluye en la búsqueda de documentación.
  </content>
  <content key="unsupported-para-links">
    También puede ver la documentación para
    <a href="/@{{#ui_language_omissible#}}/">productos con asistencia</a>.
  </content>

  <!-- Main/unsupported content -->
  <content key="product-selector-intro">Ver la documentación de un producto y una versión específicos</content>
  <content key="product-selector-wait">Esperando para descargar datos.</content>
  <content key="product-selector-select">Primero, seleccione un producto.</content>

  <content key="feedback-para">
    Si tiene alguna pregunta, sugerencia o corrección sobre este sitio, utilice
    nuestro
    <a href="https://github.com/doc-suse-com/issue-tracker/issues">rastreador de problemas en GitHub</a>
    o póngase en contacto con
    <a href="mailto:doc-team@suse.com">doc-team@suse.com</a>.
  </content>

  <!-- Search content -->
  <content key="search-head">Búsqueda de documentación de productos SUSE</content>
  <content key="search-para-intro">
    Para seleccionar la documentación de un producto específico, consulte
    <a href="/@{{#ui_language_omissible#}}/">Productos con asistencia</a>.
  </content>

  <!-- 404 content -->
  <content key="not-found-head">Lo sentimos</content>
  <content key="not-found-para-intro">
    No encontramos esa página.
    ¿Desea buscarla?
  </content>


  <!-- Labels product pages -->
  <content key="beta-label">(beta)</content>
  <content key="internal-label">(no disponible al público)</content>
  <content key="missing-title-label">(falta título de entrega)</content>
  <content key="broken-link-label">(falta la vía del enlace)</content>

  <!-- Document formats -->
  <content key="format-html">HTML</content>
  <content key="format-single-html">HTML único</content>
  <content key="format-epub">EPUB</content>
  <content key="format-pdf">PDF</content>
  <content key="format-zip">ZIP</content>
  <content key="format-file">Archivo</content>

  <!-- automatically created "Archives" category -->
  <content key="category-archive">Archivos de reserva</content>
  <content key="category-archive-desc">Los archivos de reserva solo contienen documentación básica del producto, pero no documentos relacionados.</content>

</locale>
