<?xml version="1.0" encoding="UTF-8"?>
<locale xmlns="https://github.com/openSUSE/docserv/l10n" lang="ja-jp">
  <content key="this-language">日本語</content>

  <!-- metadata & breadcrumbs-->
  <content key="site-name">SUSEのマニュアル</content>

  <content key="crumb-home">マニュアル</content>

  <content key="crumb-supported">サポート製品</content>
  <content key="site-title-main">サポート製品 | SUSEのマニュアル</content>
  <content key="page-desc-main">
    SUSEマニュアルサイトでは、すべてのSUSE製品とソリューションのクイックスタート、ガイド、マニュアル、ベストプラクティスなどの技術ドキュメントを検索できます。
  </content>

  <content key="crumb-unsupported">サポート対象外製品</content>
  <content key="site-title-unsupported">サポート対象外製品 | SUSEのマニュアル</content>
  <content key="page-desc-unsupported">
    SUSEマニュアルサイトのこの部分では、サポート対象外製品の技術ドキュメントを検索できます。
  </content>

  <content key="crumb-search">検索</content>
  <content key="site-title-search">検索 | SUSEのマニュアル</content>
  <content key="page-desc-search">
    SUSEのマニュアルサイトを検索します。
  </content>

  <content key="crumb-not-found">見つからない</content>
  <content key="site-title-not-found">見つからない | SUSEのマニュアル</content>
  <content key="page-desc-not-found">
    このページは見つかりませんでした。
  </content>


  <!-- menu -->
  <content key="search-placeholder">Googleで検索</content>
  <content key="search-placeholder-long">SUSEのマニュアルをGoogleで検索する</content>
  <content key="search-title">検索</content>
  <content key="search-button">検索</content>

  <content key="menu-customer-center">カスタマセンター</content>

  <content key="menu-supported">サポート製品のマニュアル</content>
  <content key="menu-unsupported">サポート対象外製品のマニュアル</content>
  <content key="menu-release-notes">リリースノート</content>
  <content key="menu-knowledgebase">ナレッジベース</content>
  <content key="menu-homepage">SUSEホームページ</content>


  <!-- footer -->
  <content key="footer-language">言語</content>
  <content key="footer-language-desc">言語の選択</content>
  <content key="footer-explore">エクスプローラ</content>
  <content key="footer-explore-desc">世界中で起こっていることを見る</content>

  <content key="footer-career">採用情報</content>
  <content key="footer-legal">利用条件</content>
  <content key="footer-about">バージョン情報</content>
  <content key="footer-anti-slavery">奴隷制反対声明</content>
  <content key="footer-communication">連絡方法</content>
  <content key="footer-contact">Contact us</content>

  <content key="footer-social-facebook">FacebookのSUSE</content>
  <content key="footer-social-twitter">TwitterのSUSE</content>
  <content key="footer-social-linkedin">LinkedInのSUSE</content>

  <content key="footer-right">© @{{#year#}} SUSE, all rights reserved</content>
  <content key="footer-privacy">プライバシーとクッキーのポリシー</content>

  <content key="js-message">このページにはJavaScriptが必要です。必ず有効にしてください。</content>

  <!-- main content -->
  <content key="main-head">SUSE製品のマニュアル</content>
  <content key="main-para-intro">
    SUSE製品のマニュアルのホームページへようこそ。このページでは、すべてのSUSE製品とソリューションのクイックスタート、ガイド、マニュアル、ベストプラクティスなどの技術ドキュメントを検索できます。
  </content>
  <content key="main-para-survey">フィードバックを共有する：</content>
  <content key="main-survey-button">弊社のアンケートにご参加ください！</content>
  <content key="main-para-links">
    リリースノートについては、<a href="https://www.suse.com/releasenotes">リリースノートのページ</a>を参照してください。<br />
    Rancher製品のマニュアルについては、<a href="https://www.rancher.com/docs">Rancher Webサイト</a>を参照してください。<br />
    <a href="/@{{#ui_language_omissible_slash#}}unsupported.html">サポート対象外製品</a>を表示することもできます。
  </content>

  <!-- unsupported content -->
  <content key="unsupported-head">サポート対象外製品のSUSE製品のマニュアル</content>
  <content key="unsupported-para-intro">
    このページに一覧にされているマニュアルは、現在保守またはサポートされていないSUSE製品用です。これらの製品のいずれかをまだ使用している場合は、新しい製品バージョンにアップグレードすることを検討してください。
  </content>
  <content key="unsupported-para-explain">
    サポート対象外製品のマニュアルは、ZIPアーカイブとしてのみダウンロード可能で、マニュアル検索には含まれません。
  </content>
  <content key="unsupported-para-links">
    代わりに、<a href="/@{{#ui_language_omissible#}}/">サポート製品</a>を表示してください。
  </content>

  <!-- Main/unsupported content -->
  <content key="product-selector-intro">特定の製品とバージョンのマニュアルを表示する</content>
  <content key="product-selector-wait">データがダウンロードされるまで待ってください。</content>
  <content key="product-selector-select">まず、製品を選択してください。</content>

  <content key="feedback-para">
    このサイトに関するご質問、ご提案、または修正がある場合は、<a href="https://github.com/doc-suse-com/issue-tracker/issues">GitHubの問題追跡ツール</a>を使用するか、<a href="mailto:doc-team@suse.com">doc-team@suse.com</a>まで連絡してください。
  </content>

  <!-- Search content -->
  <content key="search-head">SUSE製品のマニュアル検索</content>
  <content key="search-para-intro">
    特定の製品のマニュアルを選択するには、<a href="/@{{#ui_language_omissible#}}/">サポート製品</a>を参照してください。
  </content>

  <!-- 404 content -->
  <content key="not-found-head">申し訳ございません。</content>
  <content key="not-found-para-intro">
    このページは見つかりませんでした。検索しますか?
  </content>


  <!-- Labels product pages -->
  <content key="beta-label">(ベータ)</content>
  <content key="internal-label">(公開されていません)</content>
  <content key="missing-title-label">(成果物のタイトルがありません)</content>
  <content key="broken-link-label">(リンクのパスがありません)</content>

  <!-- Document formats -->
  <content key="format-html">HTML</content>
  <content key="format-single-html">シングルHTML</content>
  <content key="format-epub">EPUB</content>
  <content key="format-pdf">PDF</content>
  <content key="format-zip">ZIP</content>
  <content key="format-file">ファイル</content>

  <!-- automatically created "Archives" category -->
  <content key="category-archive">アーカイブ</content>
  <content key="category-archive-desc">アーカイブには、コア製品のマニュアルのみが含まれ、関連ドキュメントは含まれません。</content>

</locale>
