<?xml version="1.0" encoding="UTF-8"?>
<locale xmlns="https://github.com/openSUSE/docserv/l10n" lang="pt-br">
  <content key="this-language">Português (Brasil)</content>

  <!-- metadata & breadcrumbs -->
  <content key="site-name">Documentação da SUSE</content>

  <content key="crumb-home">Documentação</content>

  <content key="crumb-supported">Produtos suportados</content>
  <content key="site-title-main">Produtos suportados | Documentação da SUSE</content>
  <content key="page-desc-main">
    No site de documentação da SUSE, encontre a documentação técnica, como
    inicializações rápidas, guias, manuais e melhores práticas para todos os
    produtos e soluções da SUSE.
  </content>

  <content key="crumb-unsupported">Produtos não suportados</content>
  <content key="site-title-unsupported">Produtos não suportados | Documentação da SUSE</content>
  <content key="page-desc-unsupported">
    Nesta parte do site de documentação da SUSE, localize a documentação
    técnica dos produtos não suportados.
  </content>

  <content key="crumb-search">Pesquisar</content>
  <content key="site-title-search">Pesquisar | Documentação da SUSE</content>
  <content key="page-desc-search">
    Pesquise o site de documentação da SUSE.
  </content>

  <content key="crumb-not-found">Não encontrada</content>
  <content key="site-title-not-found">Não encontrada | Documentação da SUSE</content>
  <content key="page-desc-not-found">
    Esta página não foi encontrada.
  </content>


  <!-- menu -->
  <content key="search-placeholder">Pesquisar com Google</content>
  <content key="search-placeholder-long">Pesquisar a documentação da SUSE com o Google</content>
  <content key="search-title">Pesquisar</content>
  <content key="search-button">Pesquisar</content>

  <content key="menu-customer-center">Atendimento do Cliente</content>

  <content key="menu-supported">Documentação para produtos suportados</content>
  <content key="menu-unsupported">Documentação para produtos não suportados</content>
  <content key="menu-release-notes">Detalhes da versão</content>
  <content key="menu-knowledgebase">Base de Dados de Conhecimento</content>
  <content key="menu-homepage">Página inicial da SUSE</content>


  <!-- footer -->
  <content key="footer-language">Idioma</content>
  <content key="footer-language-desc">Escolher seu idioma</content>
  <content key="footer-explore">Explorar</content>
  <content key="footer-explore-desc">Ver o que está acontecendo no mundo</content>

  <content key="footer-career">Carreiras</content>
  <content key="footer-legal">Jurídico</content>
  <content key="footer-about">Sobre</content>
  <content key="footer-anti-slavery">Declaração antiescravatura</content>
  <content key="footer-communication">Preferências de comunicação</content>
  <content key="footer-contact">Contate-nos</content>

  <content key="footer-social-facebook">SUSE no Facebook</content>
  <content key="footer-social-twitter">SUSE no Twitter</content>
  <content key="footer-social-linkedin">SUSE no LinkedIn</content>

  <content key="footer-right">© @{{#year#}} SUSE, todos os direitos reservados</content>
  <content key="footer-privacy">Política de privacidade e cookies</content>

  <content key="js-message">Esta página requer JavaScript. Habilite-o.</content>

  <!-- main content -->
  <content key="main-head">Documentação de produtos da SUSE</content>
  <content key="main-para-intro">
    Bem-vindo(a) à home page de documentação de produtos da SUSE. Nesta
    página, você encontra a documentação técnica, como inicializações
    rápidas, guias, manuais e melhores práticas para todos os produtos e as
    soluções da SUSE.
  </content>
  <content key="main-para-survey">Compartilhe seus comentários:</content>
  <content key="main-survey-button">Participe da nossa pesquisa!</content>
  <content key="main-para-links">
    Para ver os detalhes da versão, consulte a
    <a href="https://www.suse.com/releasenotes">página de detalhes da versão</a>.<br />
    Para obter a documentação do produto Rancher, consulte o
    <a href="https://www.rancher.com/docs">site do Rancher na Web</a>.<br />
    Você também pode ver os
    <a href="/@{{#ui_language_omissible_slash#}}unsupported.html">produtos não suportados</a>.
  </content>

  <!-- unsupported content -->
  <content key="unsupported-head">Documentação da SUSE para produtos não suportados</content>
  <content key="unsupported-para-intro">
    A documentação listada nesta página refere-se aos produtos da SUSE que não
    são mais mantidos ou suportados. Se você ainda usa um desses produtos,
    considere fazer upgrade para uma versão mais recente do produto.
  </content>
  <content key="unsupported-para-explain">
    Apenas é possível fazer download da documentação de produtos não suportados
    como arquivos ZIP, e ela não é incluída na pesquisa de documentação.
  </content>
  <content key="unsupported-para-links">
    Em vez disso, veja os <a href="/@{{#ui_language_omissible#}}/">produtos suportados</a>.
  </content>

  <!-- Main/unsupported content -->
  <content key="product-selector-intro">Ver a documentação de um produto e uma versão específicos</content>
  <content key="product-selector-wait">Aguardando o download dos dados.</content>
  <content key="product-selector-select">Selecione um produto primeiro.</content>

  <content key="feedback-para">
    Se você tiver dúvidas, sugestões ou correções relacionadas a este site, use
    nosso
    <a href="https://github.com/doc-suse-com/issue-tracker/issues">controlador de problemas no GitHub</a>
    ou envie um e-mail para <a href="mailto:doc-team@suse.com">doc-team@suse.com</a>.
  </content>

  <!-- Search content -->
  <content key="search-head">Pesquisa de documentação de produtos da SUSE</content>
  <content key="search-para-intro">
    Para selecionar a documentação de um produto específico, consulte os
    <a href="/@{{#ui_language_omissible#}}/">produtos suportados</a>.
  </content>

  <!-- 404 content -->
  <content key="not-found-head">Desculpe</content>
  <content key="not-found-para-intro">
    Não foi possível encontrar esta página.
    Deseja pesquisá-la?
  </content>


  <!-- Labels product pages -->
  <content key="beta-label">(beta)</content>
  <content key="internal-label">(não disponível publicamente)</content>
  <content key="missing-title-label">(título do produto final ausente)</content>
  <content key="broken-link-label">(caminho para link ausente)</content>

  <!-- Document formats -->
  <content key="format-html">HTML</content>
  <content key="format-single-html">HTML único</content>
  <content key="format-epub">EPUB</content>
  <content key="format-pdf">PDF</content>
  <content key="format-zip">ZIP</content>
  <content key="format-file">Arquivo</content>

  <!-- automatically created "Archives" category -->
  <content key="category-archive">Arquivos</content>
  <content key="category-archive-desc">Os arquivos contêm apenas a documentação do produto principal, mas não os documentos relacionados.</content>

</locale>
