<?xml version="1.0" encoding="UTF-8"?>
<locale xmlns="https://github.com/openSUSE/docserv/l10n" lang="zh-cn">
  <content key="this-language">中文(简体)</content>

  <!-- metadata & breadcrumbs -->
  <content key="site-name">SUSE 文档</content>

  <content key="crumb-home">文档</content>

  <content key="crumb-supported">支持的产品</content>
  <content key="site-title-main">支持的产品 | SUSE 文档</content>
  <content key="page-desc-main">
    在 SUSE 文档网站中可查找所有 SUSE 产品和解决方案的技术文档，例如快速入门、指南、手册和最佳实践。
  </content>

  <content key="crumb-unsupported">不支持的产品</content>
  <content key="site-title-unsupported">不支持的产品 | SUSE 文档</content>
  <content key="page-desc-unsupported">
    在 SUSE 文档网站的这一部分，可查找有关不支持的产品的技术文档。
  </content>

  <content key="crumb-search">搜索</content>
  <content key="site-title-search">搜索 | SUSE 文档</content>
  <content key="page-desc-search">
    搜索 SUSE 文档网站。
  </content>

  <content key="crumb-not-found">未找到</content>
  <content key="site-title-not-found">未找到 | SUSE 文档</content>
  <content key="page-desc-not-found">
    找不到此页面。
  </content>


  <!-- menu -->
  <content key="search-placeholder">使用 Google 搜索</content>
  <content key="search-placeholder-long">使用 Google 搜索 SUSE 文档</content>
  <content key="search-title">搜索</content>
  <content key="search-button">搜索</content>

  <content key="menu-customer-center">客户中心</content>

  <content key="menu-supported">支持的产品的相关文档</content>
  <content key="menu-unsupported">不支持的产品的相关文档</content>
  <content key="menu-release-notes">发行说明</content>
  <content key="menu-knowledgebase">知识库</content>
  <content key="menu-homepage">SUSE 主页</content>


  <!-- footer -->
  <content key="footer-language">语言</content>
  <content key="footer-language-desc">选择您的语言</content>
  <content key="footer-explore">浏览</content>
  <content key="footer-explore-desc">查看全球资讯</content>

  <content key="footer-career">招贤纳士</content>
  <content key="footer-legal">法律</content>
  <content key="footer-about">关于</content>
  <content key="footer-anti-slavery">反奴隶制声明</content>
  <content key="footer-communication">通讯首选项</content>
  <content key="footer-contact">联系我们</content>

  <content key="footer-social-facebook">Facebook 上的 SUSE</content>
  <content key="footer-social-twitter">Twitter 上的 SUSE</content>
  <content key="footer-social-linkedin">LinkedIn 上的 SUSE</content>

  <content key="footer-right">© @{{#year#}} SUSE，保留所有权利</content>
  <content key="footer-privacy">隐私和 Cookie 政策</content>

  <content key="js-message">此页面需要使用 JavaScript。请务必将其启用。</content>

  <!-- main content -->
  <content key="main-head">SUSE 产品文档</content>
  <content key="main-para-intro">
    欢迎访问 SUSE 产品文档主页。在此页面中可查找所有 SUSE 产品和解决方案的技术文档，例如快速入门、指南、手册和最佳实践。
  </content>
  <content key="main-para-survey">分享您的反馈：</content>
  <content key="main-survey-button">参与我们的调查！</content>
  <content key="main-para-links">
    有关发行说明，请参见<a href="https://www.suse.com/releasenotes">发行说明页面</a>。<br />
    有关 Rancher 产品文档，请访问 <a href="https://www.rancher.com/docs">Rancher 网站</a>。<br />
    您还可以查看<a href="/@{{#ui_language_omissible_slash#}}unsupported.html">不支持的产品</a>。
  </content>

  <!-- unsupported content -->
  <content key="unsupported-head">不支持产品的 SUSE 产品文档</content>
  <content key="unsupported-para-intro">
    此页面列出的是不再受到维护或支持的 SUSE 产品的相关文档。如果您仍在使用其中某个产品，请考虑升级到更新的产品版本。
  </content>
  <content key="unsupported-para-explain">
    不受支持产品的文档只能下载为 ZIP 存档，不在文档搜索范围中。
  </content>
  <content key="unsupported-para-links">
    改为查看<a href="/@{{#ui_language_omissible#}}/">支持的产品</a>。
  </content>

  <!-- Main/unsupported content -->
  <content key="product-selector-intro">查看特定产品和版本的文档</content>
  <content key="product-selector-wait">正在等待下载数据。</content>
  <content key="product-selector-select">请先选择产品。</content>

  <content key="feedback-para">
    如果您有关于此网站的问题、建议或更正，请使用
    <a href="https://github.com/doc-suse-com/issue-tracker/issues">GitHub 上的问题跟踪器</a>，或发送电子邮件至
    <a href="mailto:doc-team@suse.com">doc-team@suse.com</a> 联系我们。
  </content>

  <!-- Search content -->
  <content key="search-head">SUSE 产品文档搜索</content>
  <content key="search-para-intro">
    要选择特定产品的相关文档，请参见<a href="/@{{#ui_language_omissible#}}/">支持的产品</a>。
  </content>

  <!-- 404 content -->
  <content key="not-found-head">抱歉</content>
  <content key="not-found-para-intro">
    找不到此页面。是否要搜索该页面？
  </content>


  <!-- Labels product pages -->
  <content key="beta-label">（Beta 版）</content>
  <content key="internal-label">（不可公开访问）</content>
  <content key="missing-title-label">（缺少可交付标题）</content>
  <content key="broken-link-label">（缺少链接路径）</content>

  <!-- Document formats -->
  <content key="format-html">HTML</content>
  <content key="format-single-html">单个 HTML</content>
  <content key="format-epub">EPUB</content>
  <content key="format-pdf">PDF</content>
  <content key="format-zip">ZIP</content>
  <content key="format-file">文件</content>

  <!-- automatically created "Archives" category -->
  <content key="category-archive">存档</content>
  <content key="category-archive-desc">存档只包含核心产品文档，而不包含相关文档。</content>

</locale>
