<?xml version="1.0" encoding="UTF-8"?>
<locale xmlns="https://github.com/openSUSE/docserv/l10n" default="1" lang="en-us">

  <!-- General -->
  <content key="category-core-doc">Documentación principal del producto</content>
  <content key="category-release-notes">Notas de la versión</content>
  <content key="category-best-practice">Prácticas recomendadas</content>
  <content key="category-additional-doc">Documentación adicional</content>
  <content key="category-additional-doc-desc">
    <p>
      Esta categoría contiene enlaces a documentación adicional, creada para los productos básicos de este producto.
    </p>
  </content>
  <content key="category-solution">Documentación de la solución</content>
  <content key="category-archive">Archivos de reserva</content>
  <content key="category-archive-desc">
    <p>
      Los archivos de reserva solo contienen documentación básica del producto, pero no documentos relacionados.
    </p>
  </content>

  <!-- SLES/SLED/openSUSE -->
  <content key="category-installation-upgrade">Instalación y actualización</content>
  <content key="category-administration">Administración</content>
  <content key="category-security">Seguridad</content>
  <content key="category-container-virtualization">Contenedores y virtualización</content>
  <content key="category-end-user">Usuarios finales</content>

  <!-- SLE-HA -->
  <content key="category-sleha-general">SUSE Linux Enterprise High Availability Extension</content>
  <content key="category-sleha-geo">Geo Clustering for SUSE Linux Enterprise High Availability Extension</content>

  <!-- product descriptions -->
  <content key="kiwi-desc">
    <p>
      KIWI NG (Next Generation) es la utilidad de línea de comandos para crear dispositivos de sistema Linux. La documentación publicada aquí está escrita para la versión de nivel superior más reciente de KIWI NG. Esta versión puede funcionar de forma ligeramente diferente a la versión incluida en la versión más reciente de SUSE Linux Enterprise.
    </p>
    <p>
      Las compilaciones de la versión de nivel superior de KIWI NG para la versión de su sistema operativo están <a href="https://download.opensuse.org/repositories/Virtualization:/Appliances:/Builder">disponibles en OBS</a>. La asistencia para estas compilaciones se ofrece con una filosofía de mejor esfuerzo.
    </p>
  </content>

  <content key="sles-sap-desc">
    <p>
      SUSE Linux Enterprise Server for SAP Applications es la plataforma Linux líder para las soluciones SAP HANA, SAP NetWeaver y SAP S/4HANA. Proporciona un rendimiento optimizado y un tiempo de inactividad reducido, así como distribuciones más rápidas del ecosistema SAP. Este producto también incluye funciones para proteger los sistemas SAP HANA y facilitar la transición a SAP S/4HANA para los administradores de sistemas.
    </p>
  </content>

  <content key="sle-hpc-desc">
    <p>
      SUSE Linux Enterprise for High-Performance Computing es un sistema operativo de código abierto altamente ampliable y de alto rendimiento diseñado para aprovechar la potencia de la computación paralela para el modelado, la simulación y la analítica avanzada de cargas de trabajo. SUSE Linux Enterprise for High-Performance Computing proporciona herramientas y bibliotecas relacionadas con la informática de alto rendimiento (HPC), incluido un gestor de cargas de trabajo, shells remotas y paralelas, herramientas de supervisión y medición y bibliotecas para realizar tareas de HPC.
    </p>
  </content>

  <content key="sle-rt-desc">
    <p>
      El éxito empresarial de muchas organizaciones depende de la alta disponibilidad y la capacidad de respuesta de sus sistemas de TI empresariales. SUSE Linux Enterprise Real Time es un sistema operativo de código abierto en tiempo real, diseñado para reducir la latencia, aumentar la fiabilidad y hacer más previsible el funcionamiento de las aplicaciones fundamentales urgentes.
    </p>
    <p>
      Si puede responder rápidamente a la nueva información y a las condiciones cambiantes del mercado, tiene una clara ventaja sobre los que no lo pueden hacer. SUSE Linux Enterprise Real Time reduce la latencia de envío de procesos y le proporciona la ventaja de tiempo que necesita para aumentar los beneficios o evitar mayores pérdidas financieras por delante de sus competidores.
    </p>
  </content>

  <content key="sle-micro-desc">
    <p>
      SUSE Linux Enterprise Micro es un sistema operativo ligero y seguro para la periferia. Fusiona los componentes empresariales reforzados de SUSE Linux Enterprise con las funciones que los desarrolladores desean en un sistema operativo moderno e inmutable. Como resultado, se obtiene una plataforma de infraestructura fiable con la mejor conformidad normativa y fácil de usar.
    </p>
    <p>
      Su modelo de suscripción flexible hace que SUSE Linux Enterprise Micro sea perfecto para cualquier distribución periférica, incrustada o de Internet de las cosas y no crea dependencia de un solo proveedor. Con SUSE Linux Enterprise Micro, puede crear y ampliar sistemas periféricos en una amplia gama de sectores, incluidos el aeroespacial, las telecomunicaciones, la automoción, la defensa, la asistencia sanitaria y la fabricación.
    </p>
  </content>

  <content key="sle-vmdp-desc">
    <p>
     Los controladores paravirtualizados de SUSE Virtual Machine Driver Pack (Paquete de controladores para máquinas virtuales SUSE) ofrecen las ventajas de rendimiento de la paravirtualización, con la virtualización total disponible de forma más amplia. Esto se consigue mediante la apertura de canales de comunicación adicionales entre los hipervisores Xen y KVM de SUSE Linux Enterprise y los sistemas operativos invitados sin modificar que se ejecutan en entornos virtuales, lo que acelera las operaciones de entrada y salida de almacenamiento y red, y mejora la eficacia general.
    </p>
  </content>

  <content key="suma-desc">
    <p>
      SUSE Manager es la mejor solución de gestión de infraestructura de código abierto para su infraestructura definida por software.
    </p>
    <p>
      SUSE Manager se ha diseñado para ayudar a los equipos de operaciones de TI y de desarrollo de su empresa a reducir la complejidad y recuperar el control de sus activos de TI. Con SUSE Manager, existe una única herramienta para gestionar sistemas Linux en una amplia variedad de arquitecturas de hardware, hipervisores, contenedores, Internet de las cosas y plataformas de nube. Automatiza la provisión, la aplicación de parches y la configuración de servidores Linux y dispositivos de Internet de las cosas para una distribución rápida, coherente y repetible de los servidores, lo que ayuda a optimizar las operaciones y reducir los costes. Y con la supervisión automatizada, el seguimiento, la auditoría y la generación de informes de los sistemas, las máquinas virtuales y los contenedores en todos sus entornos de desarrollo, prueba y producción, puede garantizar el cumplimiento de las directivas de seguridad internas y de las normativas externas.
    </p>
  </content>

  <content key="suma-retail-desc">
    <p>
      SUSE Manager for Retail, una solución de gestión de infraestructura de código abierto de última generación, ofrece la mejor gestión de infraestructura de código abierto, optimizada y diseñada específicamente para el sector minorista. Desde clústeres de mainframe y HPC, servidores desde cero y máquinas virtuales hasta terminales de punto de servicio, kioscos o distribuciones Linux en sistemas de venta autoservicio o autoexpendedoras, SUSE Manager for Retail se ha diseñado para ayudarle a reducir costes, optimizar las operaciones y garantizar la conformidad en todo su infraestructura de TI al tiempo que reduce la complejidad y recupera el control.
    </p>
  </content>

</locale>
