<?xml version="1.0" encoding="UTF-8"?>
<locale xmlns="https://github.com/openSUSE/docserv/l10n" default="1" lang="en-us">

  <!-- General -->
  <content key="category-core-doc">Documentation produit de base</content>
  <content key="category-release-notes">Notes de version</content>
  <content key="category-best-practice">Meilleures pratiques</content>
  <content key="category-additional-doc">Documentation supplémentaire</content>
  <content key="category-additional-doc-desc">
    <p>
      Cette catégorie contient des liens vers de la documentation supplémentaire, créée pour les éléments de base de ce produit.
    </p>
  </content>
  <content key="category-solution">Documentation de la solution</content>
  <content key="category-archive">Archives</content>
  <content key="category-archive-desc">
    <p>
      Les archives contiennent uniquement la documentation produit de base, mais pas les documents connexes.
    </p>
  </content>

  <!-- SLES/SLED/openSUSE -->
  <content key="category-installation-upgrade">Installation et mise à niveau</content>
  <content key="category-administration">Administration</content>
  <content key="category-security">Sécurité</content>
  <content key="category-container-virtualization">Conteneurs et virtualisation</content>
  <content key="category-end-user">Utilisateurs finaux</content>

  <!-- SLE-HA -->
  <content key="category-sleha-general">SUSE Linux Enterprise High Availability Extension</content>
  <content key="category-sleha-geo">Geo Clustering for SUSE Linux Enterprise High Availability Extension</content>

  <!-- product descriptions -->
  <content key="kiwi-desc">
    <p>
      KIWI&nbsp;NG (Next Generation) est l&apos;utilitaire de ligne de commande qui permet de créer des applicatifs système Linux. La documentation publiée ici est destinée à la dernière version en amont de KIWI&nbsp;NG. Cette version en amont peut fonctionner légèrement différemment de celle livrée dans la dernière édition de SUSE Linux Enterprise.
    </p>
    <p>
      Les builds de la version en amont de KIWI&nbsp;NG pour votre version de système d&apos;exploitation sont <a href="https://download.opensuse.org/repositories/Virtualization:/Appliances:/Builder">disponibles sur OBS</a>. Ces builds sont pris en charge du mieux possible.
    </p>
  </content>

  <content key="sles-sap-desc">
    <p>
      SUSE Linux Enterprise Server for SAP Applications est la principale plate-forme Linux pour les solutions SAP HANA, SAP NetWeaver et SAP S/4HANA. Elle offre des performances optimales et des temps hors service réduits, tout en permettant des déploiements SAP Landscape plus rapides. Ce produit comprend également des fonctions permettant de sécuriser les systèmes SAP HANA et de faciliter la transition vers SAP S/4HANA pour les administrateurs système.
    </p>
  </content>

  <content key="sle-hpc-desc">
    <p>
      SUSE Linux Enterprise for High-Performance Computing est un système d&apos;exploitation Open Source hautement évolutif et très performant, conçu afin d&apos;exploiter la puissance de l&apos;informatique parallèle pour la modélisation, la simulation et les workloads d&apos;analyse avancée. SUSE Linux Enterprise High-Performance Computing fournit des outils et des bibliothèques liés à High Performance Computing (HPC), notamment un gestionnaire de workloads, des shells distants et parallèles, des outils de surveillance et de mesure, et des bibliothèques pour accomplir des tâches HPC.
    </p>
  </content>

  <content key="sle-rt-desc">
    <p>
      Le succès de nombreuses entreprises dépend de la haute disponibilité et de la réactivité de leur système informatique. SUSE Linux Enterprise Real Time est un système d&apos;exploitation Open Source en temps réel conçu pour réduire la latence et augmenter la fiabilité ainsi que la prévisibilité des applications essentielles sensibles au facteur temps.
    </p>
    <p>
      Si vous pouvez répondre rapidement aux nouvelles informations et aux conditions changeantes du marché, vous disposez d&apos;un avantage certain sur ceux qui ne le peuvent pas. SUSE Linux Enterprise Real Time réduit les temps de latence de distribution des processus et vous permet de gagner du temps sur la concurrence, afin d&apos;accroître vos bénéfices ou d&apos;éviter de nouvelles pertes financières.
    </p>
  </content>

  <content key="sle-micro-desc">
    <p>
      SUSE Linux Enterprise Micro est un système d&apos;exploitation léger et sécurisé pour la périphérie. Il fusionne les composants d&apos;entreprise robustes de SUSE Linux Enterprise aux fonctionnalités recherchées par les développeurs dans un système d&apos;exploitation moderne et immuable. Vous obtenez ainsi une plate-forme d&apos;infrastructure fiable offrant une conformité inégalée, tout en étant facile à utiliser.
    </p>
    <p>
      Grâce à son modèle d&apos;abonnement flexible, SUSE Linux Enterprise Micro est parfaitement adapté à tout déploiement de périphérie, intégré ou de type Internet des objets, et ne crée pas de dépendance vis-à-vis d&apos;un fournisseur. SUSE Linux Enterprise Micro vous permet de créer et de faire évoluer des systèmes de périphérie dans une multitude de secteurs, tels que l&apos;aérospatiale, les télécommunications, l&apos;automobile, la défense, la santé et la production.
    </p>
  </content>

  <content key="sle-vmdp-desc">
    <p>
     Les pilotes paravirtualisés compris dans le SUSE Virtual Machine Driver Pack offrent les performances de la paravirtualisation et la haute disponibilité de la virtualisation complète. Pour ce faire, la solution active des canaux de communication supplémentaires entre les hyperviseurs Xen et KVM dans SUSE Linux Enterprise et les systèmes d&apos;exploitation invités non modifiés d&apos;un environnement virtuel. Ainsi, les entrées et les sorties du stockage et du réseau sont accélérées et l&apos;efficacité de votre environnement est renforcée.
    </p>
  </content>

  <content key="suma-desc">
    <p>
      SUSE Manager est la meilleure solution de gestion d&apos;infrastructure Open Source pour votre infrastructure définie par logiciel.
    </p>
    <p>
      SUSE Manager a été conçu pour aider les équipes Dev-Ops et&nbsp;IT de votre entreprise à réduire la complexité et à reprendre le contrôle de vos ressources informatiques. Grâce à SUSE Manager, vous disposez d&apos;un outil unique pour gérer les systèmes Linux sur une multitude d&apos;architectures matérielles, d&apos;hyperviseurs et de plates-formes de conteneurs, IoT et cloud. Il automatise les opérations de provisioning, d&apos;application de correctifs et de configuration pour les serveurs Linux et les périphériques IoT afin de garantir un déploiement serveur rapide, cohérent et reproductible, ce qui permet d&apos;optimiser le fonctionnement et de réduire les coûts. De plus, grâce à l&apos;automatisation de la surveillance, du suivi, des audits et de la création de rapports pour vos systèmes, machines virtuelles et conteneurs dans vos environnements de développement, de test et de production, vous pouvez garantir la conformité par rapport aux stratégies de sécurité internes et aux réglementations externes.
    </p>
  </content>

  <content key="suma-retail-desc">
    <p>
      SUSE Manager for Retail, une solution de gestion d&apos;infrastructure Open Source nouvelle génération, offre une gestion d&apos;infrastructure Open Source de pointe, optimisée et spécialement adaptée au secteur du commerce de détail. SUSE Manager for Retail est conçu pour vous aider à réduire vos coûts, à optimiser vos opérations et à assurer la conformité dans l&apos;ensemble de votre infrastructure informatique, depuis les gros systèmes et les grappes HPC, jusqu&apos;aux terminaux de point de service, kiosques et self-services, en passant par les serveurs sans système d&apos;exploitation et les machines virtuelles, tout en réduisant la complexité et en reprenant le contrôle.
    </p>
  </content>

</locale>
