<?xml version="1.0" encoding="UTF-8"?>
<locale xmlns="https://github.com/openSUSE/docserv/l10n" default="1" lang="en-us">
  <content key="this-language">Français</content>

  <!-- metadata & breadcrumbs -->
  <content key="site-name">Documentation SUSE</content>

  <content key="crumb-home">Documentation</content>

  <content key="crumb-supported">Produits pris en charge</content>
  <content key="site-title-main">Produits pris en charge | Documentation SUSE</content>
  <content key="page-desc-main">
    Sur le site de documentation SUSE, vous trouvez de la documentation technique, notamment des manuels de démarrage rapide, des guides et les meilleures pratiques pour tous les produits et solutions SUSE.
  </content>

  <content key="crumb-unsupported">Produits non pris en charge</content>
  <content key="site-title-unsupported">Produits non pris en charge | Documentation SUSE</content>
  <content key="page-desc-unsupported">
    Dans cette partie du site de documentation SUSE, vous trouvez de la documentation technique pour les produits non pris en charge.
  </content>

  <content key="crumb-search">Rechercher</content>
  <content key="site-title-search">Rechercher | Documentation SUSE</content>
  <content key="page-desc-search">
    Effectuez une recherche sur le site de documentation SUSE.
  </content>

  <content key="crumb-not-found">Non trouvé</content>
  <content key="site-title-not-found">Non trouvé | Documentation SUSE</content>
  <content key="page-desc-not-found">
    Cette page est introuvable.
  </content>


  <!-- menu -->
  <content key="search-placeholder">Rechercher avec Google</content>
  <content key="search-placeholder-long">Rechercher de la documentation SUSE avec Google</content>
  <content key="search-title">Rechercher</content>
  <content key="search-button">Rechercher</content>

  <content key="menu-customer-center">Centre clientèle</content>

  <content key="menu-supported">Documentation pour les produits pris en charge</content>
  <content key="menu-unsupported">Documentation pour les produits non pris en charge</content>
  <content key="menu-release-notes">Notes de version</content>
  <content key="menu-knowledgebase">Base de connaissance</content>
  <content key="menu-homepage">Page d&apos;accueil SUSE</content>


  <!-- footer -->
  <content key="footer-language">Langue</content>
  <content key="footer-language-desc">Sélectionnez votre langue</content>
  <content key="footer-explore">Explorer</content>
  <content key="footer-explore-desc">Découvrez ce qui se passe dans le monde</content>

  <content key="footer-career">Carrières</content>
  <content key="footer-legal">Mentions légales</content>
  <content key="footer-about">À propos de</content>
  <content key="footer-anti-slavery">Déclaration anti-esclavage</content>
  <content key="footer-communication">Préférences de communication</content>
  <content key="footer-contact">Nous contacter</content>

  <content key="footer-social-facebook">SUSE sur Facebook</content>
  <content key="footer-social-twitter">SUSE sur Twitter</content>
  <content key="footer-social-linkedin">SUSE sur LinkedIn</content>

  <content key="footer-right">&copy; &commat;{{&num;year&num;}} SUSE, tous droits réservés</content>
  <content key="footer-privacy">Politique relative à la confidentialité et aux cookies</content>

  <content key="js-message">Cette page nécessite JavaScript. Veillez à l&apos;activer.</content>

  <!-- main content -->
  <content key="main-head">Documentation produit SUSE</content>
  <content key="main-para-intro">
    Bienvenue sur la page d&apos;accueil de la documentation produit SUSE. Sur cette page, vous trouverez de la documentation technique, notamment des manuels de démarrage rapide, des guides et les meilleures pratiques pour tous les produits et solutions SUSE.
  </content>
  <content key="main-para-survey">Partagez vos commentaires&nbsp;:</content>
  <content key="main-survey-button">Participez à notre enquête&nbsp;!</content>
  <content key="main-para-links">
    Pour les notes de version, reportez-vous à la <a href="https://www.suse.com/releasenotes">page Notes de version</a>.<br />
    Pour obtenir de la documentation sur les produits Rancher, consultez le <a href="https://www.rancher.com/docs">site Web de Rancher</a>.<br />
    Vous pouvez également consulter les <a href="/@{{#ui_language_omissible_slash#}}unsupported.php">produits non pris en charge</a>.
  </content>

  <!-- unsupported content -->
  <content key="unsupported-head">Documentation produit SUSE pour les produits non pris en charge</content>
  <content key="unsupported-para-intro">
    La documentation répertoriée sur cette page concerne les produits SUSE qui ne sont plus tenus à jour ou pris en charge. Si vous utilisez encore l&apos;un de ces produits, pensez à effectuer une mise à niveau vers une version plus récente.
  </content>
  <content key="unsupported-para-explain">
    La documentation des produits non pris en charge ne peut être téléchargée que sous forme d&apos;archives ZIP et n&apos;est pas incluse dans la recherche de documentation.
  </content>
  <content key="unsupported-para-links">
    Consultez plutôt les <a href="@{{#ui_language_omissible#}}/">produits pris en charge</a>.
  </content>

  <!-- Main/unsupported content -->
  <content key="product-selector-intro">Afficher la documentation d&apos;un produit et d&apos;une version spécifiques</content>
  <content key="product-selector-wait">En attente du téléchargement des données.</content>
  <content key="product-selector-select">Sélectionnez un produit.</content>

  <content key="feedback-para">
    Si vous avez des questions, des suggestions ou des corrections pour ce site, utilisez notre <a href="https://github.com/doc-suse-com/issue-tracker/issues">outil de suivi des problèmes sur GitHub</a> ou contactez <a href="mailto:doc-team@suse.com">doc-team&commat;suse.com</a>.
  </content>

  <!-- Search content -->
  <content key="search-head">Recherche de documentation produit SUSE</content>
  <content key="search-para-intro">
    Pour sélectionner la documentation d&apos;un produit spécifique, consultez les <a href="@{{#ui_language_omissible#}}/">produits pris en charge</a>.
  </content>

  <!-- 404 content -->
  <content key="not-found-head">Désolés</content>
  <content key="not-found-para-intro">
    Nous n&apos;avons pas trouvé cette page. Voulez-vous la rechercher&nbsp;?
  </content>


  <!-- Labels product pages -->
  <content key="beta-label">(bêta)</content>
  <content key="internal-label">(non accessible au public)</content>
  <content key="missing-title-label">(titre du livrable manquant)</content>
  <content key="broken-link-label">(chemin du lien manquant)</content>

  <!-- Document formats -->
  <content key="format-html">HTML</content>
  <content key="format-single-html">HTML unique</content>
  <content key="format-epub">EPUB</content>
  <content key="format-pdf">PDF</content>
  <content key="format-zip">ZIP</content>
  <content key="format-file">Fichier</content>

  <!-- automatically created "Archives" category -->
  <content key="category-archive">Archives</content>
  <content key="category-archive-desc">Les archives contiennent uniquement la documentation produit de base, mais pas les documents connexes.</content>

</locale>
