<?xml version="1.0" encoding="UTF-8"?>
<locale xmlns="https://github.com/openSUSE/docserv/l10n" default="1" lang="en-us">

  <!-- General -->
  <content key="category-core-doc">Haupt-Produktdokumentation</content>
  <content key="category-release-notes">Versionshinweise</content>
  <content key="category-best-practice">Best Practices</content>
  <content key="category-additional-doc">Weitere Dokumentation</content>
  <content key="category-additional-doc-desc">
    <p>
      Diese Kategorie enthält Verweise auf weitere Dokumentation, die für die Basisprodukte dieses Produkts erstellt wurde.
    </p>
  </content>
  <content key="category-solution">Dokumentation für Lösungen</content>
  <content key="category-archive">Archive</content>
  <content key="category-archive-desc">
    <p>
      Archive enthalten nur die Haupt-Produktdokumentation, aber keine weiteren Dokumente.
    </p>
  </content>

  <!-- SLES/SLED/openSUSE -->
  <content key="category-installation-upgrade">Installation und Upgrade</content>
  <content key="category-administration">Administration</content>
  <content key="category-security">Sicherheit</content>
  <content key="category-container-virtualization">Container und Virtualisierung</content>
  <content key="category-end-user">Endbenutzer</content>

  <!-- SLE-HA -->
  <content key="category-sleha-general">SUSE Linux Enterprise High Availability Extension</content>
  <content key="category-sleha-geo">Geo Clustering for SUSE Linux Enterprise High Availability Extension</content>

  <!-- product descriptions -->
  <content key="kiwi-desc">
    <p>
      KIWI NG (Nächste Generation) ist ein Kommandozeilenwerkzeug, mit dem sich Linux-System-Appliances erstellen lassen. Die hier veröffentlichte Dokumentation wurde für die neueste Version von KIWI NG erstellt. Diese Upstream-Version kann etwas anders funktionieren, als die Version, die in der aktuellen Version von SUSE Linux Enterprise enthalten ist.
    </p>
    <p>
      Builds der Upstream-Version von KIWI NG für Ihr Betriebssystem finden Sie <a href="https://download.opensuse.org/repositories/Virtualization:/Appliances:/Builder">im OBS</a>. Wir bemühen uns, diese Builds zu unterstützen.
    </p>
  </content>

  <content key="sles-sap-desc">
    <p>
      SUSE Linux Enterprise Server for SAP Applications ist die führende Linux-Plattform für SAP HANA-, SAP NetWeaver- und SAP S/4HANA-Lösungen mit optimierter Leistung und reduzierten Ausfallzeiten sowie schnelleren SAP Landscape-Implementierungen. Dieses Produkt beinhaltet außerdem Features, um SAP HANA-Systeme zu sichern und Systemadministratoren die Umstellung auf SAP S/4HANA zu erleichtern.
    </p>
  </content>

  <content key="sle-hpc-desc">
    <p>
      SUSE Linux Enterprise for High-Performance Computing ist ein hochgradig skalierbares, quelloffenes High-Performance Computing-Betriebssystem, das entwickelt wurde, um paralleles Computing für Modellierungs-, Simulations- und anspruchsvolle Analyse-Workloads optimal zu nutzen. SUSE Linux Enterprise High-Performance Computing enthält Werkzeuge und Bibliotheken für High-Performance Computing. Dazu gehören ein Workload-Manager, parallele und Fernverwaltungsshells, Überwachungs- und Messwerkzeuge sowie Bibliotheken, um HPC-Aufgaben zu erledigen.
    </p>
  </content>

  <content key="sle-rt-desc">
    <p>
      Der Geschäftserfolg vieler Organisationen hängt maßgeblich von hoher Verfügbarkeit und schneller Reaktion ihrer IT-Systeme ab. SUSE Linux Enterprise Real Time ist ein quelloffenes Echtzeitbetriebssystem, das entwickelt wurde, um bei zeit- und geschäftskritischen Anwendungen Latenzzeiten zu reduzieren und die Vorhersehbarkeit und Zuverlässigkeit zu erhöhen.
    </p>
    <p>
      Wenn Sie schneller auf neue Informationen und sich verändernde Marktbedingungen reagieren können, haben Sie einen klaren Vorsprung gegenüber allen, die das nicht können. SUSE Linux Enterprise Real Time gibt Ihnen dank kürzerer Prozesslatenzen die Zeit, die Sie brauchen, um Gewinne zu steigern oder Verluste zu minimieren – und zwar vor Ihren Mitbewerbern.
    </p>
  </content>

  <content key="sle-micro-desc">
    <p>
      SUSE Linux Enterprise Micro ist ein schlankes und sicheres Betriebssystem für Edge Computing. Es vereint die im Unternehmenseinsatz erprobten Komponenten von SUSE Linux Enterprise mit Features, die Entwickler erwarten, in einem modernen Betriebssystem mit einem zur Laufzeit unveränderlichem Dateisystem. Das Resultat ist eine zuverlässige Infrastrukturplattform mit branchenführender Konformität, die einfach zu verwenden ist.
    </p>
    <p>
      Sein flexibles Abonnementmodell macht SUSE Linux Enterprise Micro zu einer guten Wahl für Edge-, Embedded- oder Internet-of-Things-Implementierungen und beugt Vendor-Lock-in vor. Mit SUSE Linux Enterprise Micro können Sie Edge-Systeme für die Luftfahrt-, Telekommunikations-, Automobil-, Rüstungs-, und Gesundheitsbranche sowie das verarbeitende Gewerbe erstellen und skalieren.
    </p>
  </content>

  <content key="sle-vmdp-desc">
    <p>
     Die paravirtualisierten Treiber im SUSE Virtual Machine Driver Pack bieten die Leistungsvorteile der Paravirtualisierung und zugleich die höhere Verfügbarkeit der Komplettvirtualisierung. Dabei werden zusätzliche Kommunikationskanäle zwischen dem Xen- und KVM-Hypervisoren in SUSE Linux Enterprise und den in einer virtuellen Umgebung ausgeführten unmodifizierten Gast-Betriebssystemen geöffnet, was wiederum die Netzwerk- und Speicher-Eingabe/Ausgabe beschleunigt und die Gesamteffizienz verbessert.
    </p>
  </content>

  <content key="suma-desc">
    <p>
      SUSE Manager ist eine branchenführende quelloffene Infrastrukturmanagement-Lösung für Ihre softwaredefinierte Infrastruktur.
    </p>
    <p>
      SUSE Manager wurde entwickelt, um den Dev-Ops- und IT-Teams in Ihrem Unternehmen zu helfen, Komplexität zu reduzieren und die Kontrolle über IT-Bestände wiederzuerlangen. SUSE Manager ist ein einzelnes Werkzeug, das Linux-Systeme verwaltet, die auf einer Vielzahl von Hardwarearchitekturen, in Hypervisoren oder Containern, im Internet of Things oder auf Cloud-Plattformen ausgeführt werden. SUSE Manager automatisiert die Bereitstellung, Patch-Anwendung und Konfiguration bei Linux-Servern und IoT-Geräten für schnelle, konsistente und wiederholbare Serverimplementierungen, um Tätigkeiten zu optimieren und Kosten zu reduzieren. Mit automatisierter Überwachung, Verfolgung, Auditierung und Berichterstellung für Ihre Systeme, VMs und Container über Entwicklungs-, Test- und Produktionsumgebungen hinweg können Sie Konformität mit internen Sicherheitsrichtlinien sowie externen Bestimmungen sicherstellen.
    </p>
  </content>

  <content key="suma-retail-desc">
    <p>
      SUSE Manager for Retail, eine quelloffene Infrastrukturmanagement-Lösung der nächsten Generation, bietet ein branchenführendes Infrastrukturmanagement, das für den Einzelhandel optimiert und darauf zugeschnitten ist. SUSE Manager for Retail unterstützt Sie bei Linux-Implementierungen vom Mainframe bis zum HPC-Cluster, über Bare-Metal-Server und VMs bis hin zu Verkaufsterminals, Kiosk- und Selbstbedienungscomputern sowie Rückgabeautomaten. Dabei hilft SUSE Manager for Retail Ihnen, Kosten einzusparen, den Betrieb zu optimieren und Konformität innerhalb Ihrer gesamten IT-Infrastruktur sicherzustellen sowie gleichzeitig die Komplexität zu reduzieren und die Kontrolle wiederzuerlangen.
    </p>
  </content>

</locale>
