<?xml version="1.0" encoding="UTF-8"?>
<locale xmlns="https://github.com/openSUSE/docserv/l10n" lang="en-us">

  <!-- General -->
  <content key="category-core-doc">Haupt-Produktdokumentation</content>
  <content key="category-release-notes">Versionshinweise</content>
  <content key="category-best-practice">Best Practices</content>
  <content key="category-additional-doc">Weitere Dokumentation</content>
  <content key="category-additional-doc-desc">
    <p>
      Diese Kategorie enthält Verweise auf weitere Dokumentation, die für
      die Basisprodukte dieses Produkts erstellt wurde.
    </p>
  </content>
  <content key="category-solution">Dokumentation für Lösungen</content>
  <content key="category-archive">Archive</content>
  <content key="category-archive-desc">
    <p>
      Archive enthalten nur die Haupt-Produktdokumentation, aber keine
      weiteren Dokumente.
    </p>
  </content>

  <!-- SLES/SLED/openSUSE -->
  <content key="category-installation-upgrade">Installation und Aktualisierung</content>
  <content key="category-administration">Administration</content>
  <content key="category-security">Sicherheit</content>
  <content key="category-container-virtualization">Container und Virtualisierung</content>
  <content key="category-end-user">Endnutzer</content>

  <!-- SLE-HA -->
  <content key="category-sleha-general">SUSE Linux Enterprise High Availability Extension</content>
  <content key="category-sleha-geo">Geo-Clustering für SUSE Linux Enterprise High Availability Extension</content>

  <!-- product descriptions -->
  <content key="kiwi-desc">
    <p>
      KIWI NG (Nächste Generation) ist ein Kommandozeilen-Werkzeug, mit dem
      sich Linux-System-Appliances erstellen lassen.
      Die hier veröffentlichte Dokumentation wurde für die neueste Version von
      KIWI NG erstellt.
      Diese Upstream-Version kann teils etwas anders funktionieren, als die
      Version, die in der aktuellsten Version von SUSE Linux Enterprise
      enthalten ist.
    </p>
    <p>
      Builds der Upstream-Version von KIWI NG für Ihr Betriebssystem finden Sie
      <a href="https://download.opensuse.org/repositories/Virtualization:/Appliances:/Builder">im OBS</a>.
      Wir bemühen uns, diese Builds zu unterstützen.
    </p>
  </content>

  <content key="sles-sap-desc">
    <p>
      SUSE Linux Enterprise Server for SAP Applications ist die führende
      Linux-Plattform für SAP HANA-, SAP NetWeaver- und SAP S/4HANA-Lösungen
      mit optimierter Leistung und reduzierten Ausfallzeiten sowie schnelleren
      SAP Landscape-Deployments.
      Dieses Produkt beinhaltet außerdem Features, um SAP HANA-Systeme zu
      sichern und Systemadministratoren die Umstellung auf SAP HANA zu
      erleichtern.
    </p>
  </content>

  <content key="sle-hpc-desc">
    <p>
      SUSE Linux Enterprise for High-Performance Computing ist ein hochgradig
      skalierbares, quelloffenes Betriebssystem, das entwickelt wurde, um
      paralleles Computing für Modellierungs-, Simulations- und
      Analytikarbeiten optimal zu nutzen.
      SUSE Linux Enterprise High-Performance Computing enthält Werkzeuge und
      Bibliotheken für High-Performance Computing.
      Dazu gehört ein Arbeitslasten-Managers, parallele und
      Fernverwaltungsshells, Überwachungs- und Messwerkzeuge sowie
      Bibliotheken, um HPC-Aufgaben erledigen.
    </p>
  </content>

  <content key="sle-rt-desc">
    <p>
      Der Geschäftserfolg vieler Organisationen hängt maßgeblich von hoher
      Verfügbarkeit und schneller Reaktion ihrer IT-Systeme ab.
      SUSE Linux Enterprise Real Time ist ein quelloffenes,
      Echtzeit-Betriebssystem, das entwickelt wurde, um bei zeit- und
      geschäftskritischen Anwendungen Latenzzeiten zu verringern und um deren
      Berechenbarkeit und Zuverlässigkeit zu erhöhen.
    </p>
    <p>
      Wenn Sie schneller auf neue Informationen und sich verändernde
      Marktbedingungen reagieren können, haben Sie einen klaren Vorsprung
      gegenüber allen, die das nicht können.
      SUSE Linux Enterprise Real Time gibt Ihnen dank kürzerer
      Prozesslatenzen die Zeit, die Sie brauchen, um Profite zu erhöhen oder
      Verluste zu minimieren.
    </p>
  </content>

  <content key="sle-micro-desc">
    <p>
      SUSE Linux Enterprise Micro ist ein leichtgewichtiges und sicheres
      Betriebssystem für Edge Computing.
      Es vereint die im Unternehmenseinsatz erprobten Komponenten von SUSE
      Linux Enterprise mit Features, die Entwickler von einem modernen
      immutable OS (einem Betriebssystem mit zur Laufzeit unveränderlichem
      Dateisystem) erwarten.
      Das Resultat ist eine zuverlässige Infrastrukturplattform mit guter
      Compliance, die einfach zu benutzen ist.
    </p>
    <p>
      Sein flexibles Abonnementmodell macht SUSE Linux Enterprise Micro zu
      einer guten Wahl für Edge-, Embedded- oder
      Internet-of-Things-Installationen und beugt Vendor-Lock-in vor.
      Mit SUSE Linux Enterprise Micro können Sie Edge-Systeme für die
      Luftfahrt-, Automobil-, Telekommunikations-, Rüstungs-, und
      Gesundheitsbranche und das verarbeitende Gewerbe erstellen und
      skalieren.
    </p>
  </content>

  <content key="sle-vmdp-desc">
    <p>
     Die paravirtualisierten Treiber im SUSE Virtual Machine Driver Pack
     geben Ihnen die vollen Leistungsvorteile der Paravirtualisierung vereint
     mit der besseren Verfügbarkeit der Vollvirtualisierung.
     Dies wird mithilfe zusätzlich geöffneter Kommunikationskanäle
     bewerkstelligt, die zwischen den Xen- und KVM-Hypervisoren in SUSE Linux
     Enterprise und den unveränderten virtualisierten Gastbetriebssystemen
     vermitteln.
     So werden Netzwerk- und Speicheroperationen beschleunigt und die
     Effizienz insgesamt erhöht.
    </p>
  </content>

  <content key="suma-desc">
    <p>
      SUSE Manager ist eine hervorragende quelloffene
      Infrastrukturmanagement-Lösung für Ihre softwaredefinierte
      Infrastruktur.
    </p>
    <p>
      SUSE Manager wurde entwickelt, um den Dev-Ops- und IT-Teams in Ihrem
      Unternehmen zu helfen, Komplexität zu reduzieren und die Kontrolle über
      IT-Bestände wiederzuerlangen.
      SUSE Manager ist ein einzelnes Werkzeug, das Linuxsysteme verwaltet, die
      auf einer Vielzahl von Hardwarearchitekturen, in Hypervisoren oder
      Containern, im Internet of Things oder auf Cloudplattformen laufen.
      Es automatisiert die Installation, das Aktualisieren und das
      Konfigurieren von Linuxservern und IoT-Geräten für schnelle,
      konsistente und wiederholbare Serverdeployments.
      Dabei hilft es, Tätigkeiten zu optimieren und Kosten zu reduzieren.
      Mit automatisierter Überwachung, Verfolgung und Auditierung Ihrer
      Systeme, VMs und Container über Entwicklungs-, Test- und
      Produktivumgebungen hinweg können Sie Konformität mit internen
      Sicherheitsrichtlinien sowie externer Regulierung sicherstellen.
    </p>
  </content>

  <content key="suma-retail-desc">
    <p>
      SUSE Manager for Retail, eine quelloffene
      Infrastrukturmanagement-Lösung der nächsten Generation, gibt Ihnen
      hervorragendes Infrastrukturmanagement sowie optimiert und
      zugeschnitten für den Einzelhandel.
      SUSE Manager for Retail unterstützt sie bei Linuxdeployments vom
      Mainframe bis zum HPC-Cluster, über Server und VMs bis hin zu
      Verkaufsterminals, Kiosk- und Selbstbedienungscomputer sowie
      Rückgabeautomaten.
      Dabei hilft es Ihnen, Kosten einzusparen, Tätigkeiten zu optimieren
      und Compliance innerhalb Ihrer gesamten IT-Infrastruktur
      sicherzustellen und gleichzeitig Komplexität zu reduzieren und
      Kontrolle wiederzuerlangen.
    </p>
  </content>

</locale>
