<?xml version="1.0" encoding="UTF-8"?>
<locale xmlns="https://github.com/openSUSE/docserv/l10n" lang="de-de">
  <content key="this-language">Deutsch</content>

  <!-- metadata -->
  <content key="site-name">SUSE-Dokumentation</content>

  <content key="crumb-home">Documentation</content>

  <content key="crumb-supported">Unterstützte Produkte</content>
  <content key="site-title-main">Unterstützte Produkte | SUSE-Dokumentation</content>
  <content key="page-desc-main">
    Auf der SUSE-Dokumentationsseite finden Sie technische Dokumentation wie
    Schnellstart-Anleitungen, Handbücher und Best Practices für alle
    Produkte und Lösungen von SUSE.
  </content>

  <content key="crumb-unsupported">Nicht unterstützte Produkte</content>
  <content key="site-title-unsupported">Nicht unterstützte Produkte | SUSE-Dokumentation</content>
  <content key="page-desc-unsupported">
    In diesem Teil der SUSE-Dokumentationsseite finden Sie technische
    Dokumentation für nicht mehr unterstützte Produkte.
  </content>

  <content key="crumb-search">Suche</content>
  <content key="site-title-search">Suche | SUSE-Dokumentation</content>
  <content key="page-desc-search">
    Durchsuchen Sie die SUSE-Dokumentationsseite.
  </content>

  <content key="crumb-not-found">Nicht gefunden</content>
  <content key="site-title-not-found">Nicht gefunden | SUSE-Dokumentation</content>
  <content key="page-desc-not-found">
    Diese Seite wurde nicht gefunden.
  </content>


  <!-- menu -->
  <content key="search-placeholder">Mit Google suchen</content>
  <content key="search-placeholder-long">SUSE-Dokumentation mit Google durchsuchen</content>
  <content key="search-title">Suche</content>
  <content key="search-button">Suchen</content>

  <content key="menu-customer-center">Customer center</content>

  <content key="menu-supported">Dokumentation unterstützter Produkte</content>
  <content key="menu-unsupported">Dokumentation nicht unterstützter Produkte</content>
  <content key="menu-release-notes">Versionshinweise</content>
  <content key="menu-knowledgebase">Knowledgebase</content>
  <content key="menu-homepage">SUSE-Homepage</content>


  <!-- footer -->
  <content key="footer-language">Sprache</content>
  <content key="footer-language-desc">Wählen Sie Ihre Sprache aus</content>
  <content key="footer-explore">Entdecken</content>
  <content key="footer-explore-desc">Erfahren Sie, was in der Welt passiert</content>

  <content key="footer-career">Jobs</content>
  <content key="footer-legal">Rechtliches</content>
  <content key="footer-about">Info</content>
  <content key="footer-anti-slavery">Erklärung gegen Sklaverei</content>
  <content key="footer-communication">Kommunikationseinstellungen</content>
  <content key="footer-contact">Kontakt</content>

  <content key="footer-social-facebook">SUSE auf Facebook</content>
  <content key="footer-social-twitter">SUSE auf Twitter</content>
  <content key="footer-social-linkedin">SUSE auf LinkedIn</content>

  <content key="footer-right">© @{{#year#}} SUSE, alle Rechte vorbehalten</content>
  <content key="footer-privacy">Datenschutz- und Cookierichtlinie</content>

  <content key="js-message">Diese Seite benötigt JavaScript. Bitte aktivieren Sie selbiges.</content>

  <!-- main content -->
  <content key="main-head">SUSE-Produkt-Dokumentation</content>
  <content key="main-para-intro">
    Willkommen auf der Seite für SUSE-Produktdokumentation.
    Auf dieser Seite finden Sie technische Dokumentation wie
    Schnellstart-Anleitungen, Handbücher und Best Practices für alle
    Produkte und Lösungen von SUSE.
  </content>
  <content key="main-para-survey">Geben Sie uns Feedback:</content>
  <content key="main-survey-button">Nehmen Sie an der Umfrage teil! (engl.)</content>
  <content key="main-para-links">
    Versionshinweise finden Sie auf der
    <a href="https://www.suse.com/releasenotes">Seite für Versionshinweise</a>.<br />
    Rancher-Produktdokumentation finden Sie auf der 
    <a href="https://www.rancher.com/docs">Rancher-Webseite</a>.<br />
    Sie können auch
    <a href="/@{{#ui_language_omissible_slash#}}unsupported.php">nicht unterstützte Produkte</a>
    ansehen.
  </content>

  <!-- unsupported content -->
  <content key="unsupported-head">SUSE-Produktdokumentation für nicht unterstützte Produkte</content>
  <content key="unsupported-para-intro">
    Die auf dieser Seite gelistete Dokumentation ist für SUSE-Produkte, die
    nicht mehr gepflegt oder unterstützt werden.
    Wenn Sie noch immer eines der hier gelisteten Produkte nutzen, sollten Sie
    ein Upgrade auf eine neuere Version in Erwägung ziehen.
  </content>
  <content key="unsupported-para-explain">
    Dokumentation für nicht unterstützte Produkte kann nur im ZIP-Format
    heruntergeladen werden und wird von der Dokumentationssuche nicht erfasst.
  </content>
  <content key="unsupported-para-links">
    Sie können auch zu den <a href="@{{#ui_language_omissible#}}/">unterstützten Produkte</a> wechseln.
  </content>

  <!-- Main/unsupported content -->
  <content key="product-selector-intro">Dokumentation für eine bestimmte Produktversion anzeigen</content>
  <content key="product-selector-wait">Warte auf Datendownload.</content>
  <content key="product-selector-select">Wählen Sie zuerst ein Produkt.</content>

  <content key="feedback-para">
    Wenn Sie Fragen, Anregungen oder Korrekturen für diese Seite haben, können
    Sie unsere
    <a href="https://github.com/doc-suse-com/issue-tracker/issues">Fehlerdatenbank auf GitHub</a>
    nutzen oder
    <a href="mailto:doc-team@suse.com">doc-team@suse.com</a> kontaktieren.
  </content>

  <!-- Search content -->
  <content key="search-head">Suche für SUSE-Produktdokumentation</content>
  <content key="search-para-intro">
    Um Dokumentation für ein bestimmtes Produkt auszuwählen, nutzen Sie die
    Seite <a href="@{{#ui_language_omissible#}}/">unterstützte Produkte</a>.
  </content>

  <!-- 404 content -->
  <content key="not-found-head">Tut uns leid</content>
  <content key="not-found-para-intro">
    Wir konnten diese Seite nicht finden.
    Möchten Sie nach ihr suchen?
  </content>


  <!-- Labels product pages -->
  <content key="beta-label">(beta)</content>
  <content key="internal-label">(not öffentlich verfügbar)</content>
  <content key="missing-title-label">(Inhaltstitel fehlt)</content>
  <content key="broken-link-label">(Pfad zu Link fehlt)</content>

  <!-- Document formats -->
  <content key="format-html">HTML</content>
  <content key="format-single-html">Einzel-HTML</content>
  <content key="format-epub">EPUB</content>
  <content key="format-pdf">PDF</content>
  <content key="format-zip">ZIP</content>
  <content key="format-file">Datei</content>

  <!-- automatically created "Archives" category -->
  <content key="category-archive">Archive</content>
  <content key="category-archive-desc">Archive enthalten nur die Haupt-Produktdokumentation, aber keine weiteren Dokumente.</content>


</locale>
