<?xml version="1.0" encoding="UTF-8"?>
<locale xmlns="https://github.com/openSUSE/docserv/l10n" default="1" lang="en-us">

  <!-- General -->
  <content key="category-core-doc">Core product documentation</content>
  <content key="category-release-notes">Release notes</content>
  <content key="category-best-practice">Best practices</content>
  <content key="category-additional-doc">Additional documentation</content>
  <content key="category-additional-doc-desc">
    <p>
      This category contains links to additional documentation, created for
      the base products of this product.
    </p>
  </content>
  <content key="category-solution">Solution documentation</content>
  <content key="category-archive">Archives</content>
  <content key="category-archive-desc">
    <p>
      Archives only contain core product documentation but not related
      documents.
    </p>
  </content>

  <!-- SLES/SLED/openSUSE -->
  <content key="category-installation-upgrade">Installation and upgrade</content>
  <content key="category-administration">Administration</content>
  <content key="category-security">Security</content>
  <content key="category-container-virtualization">Containers and virtualization</content>
  <content key="category-end-user">End users</content>

  <!-- SLE-HA -->
  <content key="category-sleha-general">SUSE Linux Enterprise High Availability Extension</content>
  <content key="category-sleha-geo">Geo Clustering for SUSE Linux Enterprise High Availability Extension</content>

  <!-- product descriptions -->
  <content key="kiwi-desc">
    <p>
      KIWI NG (Next Generation) is the command-line utility to build Linux
      system appliances.
      The documentation published here is written for the newest KIWI NG
      upstream version.
      This upstream version may work slightly differently than the
      version shipped in the newest release of SUSE Linux Enterprise.
    </p>
    <p>
      Builds of the upstream version of KIWI NG for your OS version are
      <a href="https://download.opensuse.org/repositories/Virtualization:/Appliances:/Builder">available from OBS</a>.
      These builds are supported on a best-effort basis.
    </p>
  </content>

  <content key="sles-sap-desc">
    <p>
      SUSE Linux Enterprise Server for SAP Applications is the leading Linux
      platform for SAP HANA, SAP NetWeaver and SAP S/4HANA solutions, providing
      optimized performance and reduced downtime as well as faster SAP Landscape
      deployments.
      This product also includes features to secure SAP HANA systems and
      ease the transition to SAP S/4HANA for systems administrators.
    </p>
  </content>

  <content key="sle-hpc-desc">
    <p>
      SUSE Linux Enterprise for High-Performance Computing is a highly scalable,
      high-performance open-source operating system designed to utilize the
      power of parallel computing for modeling, simulation and advanced
      analytics workloads.
      SUSE Linux Enterprise High-Performance Computing provides tools and
      libraries related to High Performance Computing, including a workload
      manager, remote and parallel shells, monitoring and measuring tools,
      and libraries to accomplish HPC tasks.
    </p>
  </content>

  <content key="sle-rt-desc">
    <p>
      The business success of many organizations depends on high availability and
      responsiveness of their enterprise IT systems.
      SUSE Linux Enterprise Real Time is an open-source, real-time operating
      system designed to reduce latency and increase the predictability and
      reliability of time-sensitive, business-critical applications.
    </p>
    <p>
      If you can respond to new information and changing market conditions
      quickly, you have a distinct advantage over those that cannot.
      SUSE Linux Enterprise Real Time reduces process dispatch latencies and
      gives you the time advantage you need to increase profits or avoid
      further financial losses—ahead of your competitors.
    </p>
  </content>

  <content key="sle-micro-desc">
    <p>
      SUSE Linux Enterprise Micro is a lightweight and secure operating
      system for the edge.
      It merges the enterprise-hardened components of SUSE Linux Enterprise
      with the features that developers want in a modern, immutable operating
      system.
      As a result, you get a reliable infrastructure platform with
      best-in-class compliance that is also simple to use.
    </p>
    <p>
      Its flexible subscription model makes SUSE Linux Enterprise Micro
      well-suited for any edge, embedded, or Internet of Things deployment
      and does not create vendor lock-in.
      Using SUSE Linux Enterprise Micro, you can build and scale edge systems
      across a wide range of industries including aerospace, telecom,
      automotive, defense, healthcare, and manufacturing.
    </p>
  </content>

  <content key="sle-vmdp-desc">
    <p>
     The paravirtualized drivers in the SUSE Virtual Machine Driver Pack
     deliver the performance benefits of paravirtualization, with the wider
     availability of full virtualization. It does this by opening additional
     channels of communication between the Xen and KVM hypervisors in SUSE
     Linux Enterprise and the unmodified guest operating systems running in a
     virtual environment, thus accelerating network and storage input/output
     and improving overall efficiency.
    </p>
  </content>

  <content key="suma-desc">
    <p>
      SUSE Manager is a best-in-class open source infrastructure management
      solution for your software-defined infrastructure.
    </p>
    <p>
      SUSE Manager was designed to help your enterprise Dev-Ops and IT
      Operations teams reduce complexity and regain control of your IT assets.
      With SUSE Manager, there is a single tool to manage Linux systems
      across a variety of hardware architectures, hypervisors as well as
      container, IoT and cloud platforms.
      It automates Linux server and IoT device provisioning,
      patching and configuration for fast, consistent, and repeatable server
      deployment helping to optimize operations and reduce costs. And with
      automated monitoring, tracking, auditing and reporting of your systems,
      VMs, and containers across your development, test and production
      environments, you can ensure compliance with internal security policies
      and external regulations.
    </p>
  </content>

  <content key="suma-retail-desc">
    <p>
      SUSE Manager for Retail, a next-generation open-source infrastructure
      management solution, delivers best-in-class open source infrastructure
      management, optimized and tailored specifically for the retail industry.
      From Mainframe and HPC Clusters,
      bare metal servers and VMs down to point of service terminals, kiosks,
      self-service and reverse-vending systems Linux deployments, SUSE
      Manager for Retail is designed to help you reduce costs, optimize
      operations, and ensure compliance across your IT infrastructure while
      reducing complexity and regaining control.
    </p>
  </content>

</locale>
