<?xml version="1.0" encoding="UTF-8"?>
<locale xmlns="https://github.com/openSUSE/docserv/l10n" lang="fr-fr">
  <content key="this-language">Français</content>

  <!-- metadata & breadcrumbs -->
  <content key="site-name">SUSE Documentation</content>

  <content key="crumb-home">Documentation</content>

  <content key="crumb-supported">Supported products</content>
  <content key="site-title-main">Supported products | SUSE Documentation</content>
  <content key="page-desc-main">
    On the SUSE documentation site, find technical documentation, such as
    quick starts, guides, manuals, and best practices for all SUSE products
    and solutions.
  </content>

  <content key="crumb-unsupported">Unsupported products</content>
  <content key="site-title-unsupported">Unsupported products | SUSE Documentation</content>
  <content key="page-desc-unsupported">
    In this part of the SUSE documentation site, find technical documentation
    for unsupported products.
  </content>

  <content key="crumb-search">Search</content>
  <content key="site-title-search">Search | SUSE Documentation</content>
  <content key="page-desc-search">
    Search the SUSE documentation site.
  </content>

  <content key="crumb-not-found">Not found</content>
  <content key="site-title-not-found">Not found | SUSE Documentation</content>
  <content key="page-desc-not-found">
    This page could not be found.
  </content>


  <!-- menu -->
  <content key="search-placeholder">Search with Google</content>
  <content key="search-placeholder-long">Search SUSE documentation with Google</content>
  <content key="search-title">Search</content>
  <content key="search-button">Search</content>

  <content key="menu-customer-center">Customer center</content>

  <content key="menu-supported">Documentation for supported products</content>
  <content key="menu-unsupported">Documentation for unsupported products</content>
  <content key="menu-release-notes">Release notes</content>
  <content key="menu-knowledgebase">Knowledgebase</content>
  <content key="menu-homepage">SUSE homepage</content>


  <!-- footer -->
  <content key="footer-language">Langue</content>
  <content key="footer-language-desc">Sélectionnez votre langue</content>
  <content key="footer-explore">Explorer</content>
  <content key="footer-explore-desc">Tenez-vous au courant de l’actualité du monde entier</content>

  <content key="footer-career">Carrières</content>
  <!-- footer-legal is for legal information, www.suse.com uses
  "secteur juridique" but that sounds very wrong. -->
  <content key="footer-legal">Avertissement légal</content>
  <content key="footer-about">En savoir plus</content>
  <content key="footer-anti-slavery">Déclaration anti-esclavage</content>
  <content key="footer-communication">Préférences de communication</content>
  <content key="footer-contact">Contact</content>

  <content key="footer-social-facebook">SUSE on Facebook</content>
  <content key="footer-social-twitter">SUSE on Twitter</content>
  <content key="footer-social-linkedin">SUSE on LinkedIn</content>

  <content key="footer-right">© @{{#year#}} SUSE, tous droits réservés</content>
  <content key="footer-privacy">Politique sur la confidentialité et les cookies</content>

  <content key="js-message">This page requires JavaScript. Make sure to enable it.</content>

  <!-- main content -->
  <content key="main-head">SUSE product documentation</content>
  <content key="main-para-intro">
    Welcome to the SUSE product documentation home page.
    On this page, find technical documentation, such as quick starts,
    guides, manuals, and best practices for all SUSE products and
    solutions.
  </content>
  <content key="main-para-survey">Share your feedback:</content>
  <content key="main-survey-button">Participate in our survey!</content>
  <content key="main-para-links">
    For release notes, see the
    <a href="https://www.suse.com/releasenotes">release notes page</a>.<br />
    For Rancher product documentation, see the
    <a href="https://www.rancher.com/docs">Rancher Web site</a>.<br />
    You can also view
    <a href="/@{{#ui_language_omissible_slash#}}unsupported.php">unsupported products</a>.
  </content>

  <!-- unsupported content -->
  <content key="unsupported-head">SUSE product documentation for unsupported products</content>
  <content key="unsupported-para-intro">
    The documentation listed on this page is for SUSE products that
    are not maintained or supported anymore.
    If you are still using one of these products, consider
    upgrading to a newer product version.
  </content>
  <content key="unsupported-para-explain">
    Documentation for unsupported products can only be downloaded
    as ZIP archives and is not included in the documentation search.
  </content>
  <content key="unsupported-para-links">
    View <a href="@{{#ui_language_omissible#}}/">supported products</a> instead.
  </content>

  <!-- Main/unsupported content -->
  <content key="product-selector-intro">View documentation for a specific product and version</content>
  <content key="product-selector-wait">Waiting for data to download.</content>
  <content key="product-selector-select">Select a product first.</content>

  <content key="feedback-para">
    If you have questions, suggestions, or corrections for this site, use our
    <a href="https://github.com/doc-suse-com/issue-tracker/issues">issue tracker on GitHub</a>
    or contact
    <a href="mailto:doc-team@suse.com">doc-team@suse.com</a>.
  </content>

  <!-- Search content -->
  <content key="search-head">SUSE product documentation search</content>
  <content key="search-para-intro">
    To select documentation for a specific product, see
    <a href="@{{#ui_language_omissible#}}/">supported products</a>.
  </content>

  <!-- 404 content -->
  <content key="not-found-head">Sorry</content>
  <content key="not-found-para-intro">
    We could not find this page
    Would you like to search for it?
  </content>


  <!-- Labels product pages -->
  <content key="beta-label">(beta)</content>
  <content key="internal-label">(not publicly available)</content>
  <content key="missing-title-label">(deliverable title missing)</content>
  <content key="broken-link-label">(path for link missing)</content>

  <!-- Document formats -->
  <content key="format-html">HTML</content>
  <content key="format-single-html">Single-HTML</content>
  <content key="format-epub">EPUB</content>
  <content key="format-pdf">PDF</content>
  <content key="format-zip">ZIP</content>
  <content key="format-file">File</content>

  <!-- automatically created "Archives" category -->
  <content key="category-archive">Archives</content>
  <content key="category-archive-desc">Archives only contain core product documentation but not related documents.</content>

</locale>
