<?xml version="1.0" encoding="UTF-8"?>
<locale xmlns="https://github.com/openSUSE/docserv/l10n" default="1" lang="en-us">

  <!-- General -->
  <content key="category-core-doc">Documentação do produto principal</content>
  <content key="category-release-notes">Detalhes da versão</content>
  <content key="category-best-practice">Melhores práticas</content>
  <content key="category-additional-doc">Documentação adicional</content>
  <content key="category-additional-doc-desc">
    <p>
      Esta categoria contém links para a documentação adicional, criada para os produtos base deste produto.
    </p>
  </content>
  <content key="category-solution">Documentação da solução</content>
  <content key="category-archive">Arquivos</content>
  <content key="category-archive-desc">
    <p>
      Os arquivos contêm apenas a documentação do produto principal, mas não os documentos relacionados.
    </p>
  </content>

  <!-- SLES/SLED/openSUSE -->
  <content key="category-installation-upgrade">Instalação e upgrade</content>
  <content key="category-administration">Administração</content>
  <content key="category-security">Segurança</content>
  <content key="category-container-virtualization">Containers e virtualização</content>
  <content key="category-end-user">Usuários finais</content>

  <!-- SLE-HA -->
  <content key="category-sleha-general">SUSE Linux Enterprise High Availability Extension</content>
  <content key="category-sleha-geo">Geo Clustering for SUSE Linux Enterprise High Availability Extension</content>

  <!-- product descriptions -->
  <content key="kiwi-desc">
    <p>
      KIWI NG (Next Generation) é o utilitário de linha de comando para criar aplicações de sistema Linux. A documentação publicada aqui foi escrita para a versão de upstream mais recente do KIWI NG. Essa versão de upstream pode funcionar de maneira um pouco diferente da versão fornecida no último lançamento do SUSE Linux Enterprise.
    </p>
    <p>
      Os builds da versão de upstream do KIWI NG referentes à sua versão do OS estão <a href="https://download.opensuse.org/repositories/Virtualization:/Appliances:/Builder">disponíveis no OBS</a>. Esses builds são suportados na base dos melhores esforços.
    </p>
  </content>

  <content key="sles-sap-desc">
    <p>
      O SUSE Linux Enterprise Server for SAP Applications é a plataforma Linux líder para as soluções SAP HANA, SAP NetWeaver e SAP S/4HANA, oferecendo desempenho otimizado e tempo de espera reduzido, além de implantações mais rápidas do SAP Landscape. Este produto também inclui recursos para proteger os sistemas SAP HANA e facilitar aos administradores de sistemas a transição para o SAP S/4HANA.
    </p>
  </content>

  <content key="sle-hpc-desc">
    <p>
      O SUSE Linux Enterprise for High-Performance Computing é um sistema operacional de código-fonte aberto extremamente escalável e de alto desempenho, projetado para utilizar a tecnologia da computação paralela para cargas de trabalho de modelagem, simulação e análise avançada. O SUSE Linux Enterprise High-Performance Computing oferece ferramentas e bibliotecas relacionadas a Computação de Alta Performance (HPC, High Performance Computing), incluindo um gerenciador de carga de trabalho, shells remotos e paralelos, ferramentas de monitoramento e medição e bibliotecas para realizar tarefas de HPC.
    </p>
  </content>

  <content key="sle-rt-desc">
    <p>
      O sucesso nos negócios de muitas organizações depende da alta disponibilidade e da capacidade de resposta de seus sistemas de TI empresariais. O SUSE Linux Enterprise Real Time é um sistema operacional de código-fonte aberto, em tempo real, projetado para reduzir a latência e aumentar a capacidade de previsão e a confiabilidade dos aplicativos urgentes e críticos para o negócio.
    </p>
    <p>
      Se você pode responder às novas informações e às condições de mercado em constante mudança, tem uma vantagem diferenciada sobre aqueles que não podem. O SUSE Linux Enterprise Real Time reduz as latências de envio de processos e oferece a você a vantagem de tempo necessária para aumentar os lucros ou evitar perdas financeiras, ficando à frente da concorrência.
    </p>
  </content>

  <content key="sle-micro-desc">
    <p>
      O SUSE Linux Enterprise Micro é um sistema operacional leve e seguro para a extremidade. Ele funde os componentes corporativos robustos do SUSE Linux Enterprise com os recursos que os desenvolvedores desejam em um sistema operacional moderno e estável. Como resultado, você obtém uma plataforma de infraestrutura confiável, simples de usar e com a mais alta conformidade da categoria.
    </p>
    <p>
      Seu modelo de assinatura flexível torna o SUSE Linux Enterprise Micro perfeito para qualquer implantação de extremidade, incorporada ou de Internet das Coisas, sem dependência de fornecedor. Usando o SUSE Linux Enterprise Micro, você pode criar e dimensionar sistemas de extremidade em vários setores, incluindo aeroespacial, telecomunicações, automotivo, defesa, saúde e manufatura.
    </p>
  </content>

  <content key="sle-vmdp-desc">
    <p>
     Os drivers paravirtualizados no SUSE Virtual Machine Driver Pack oferecem os benefícios de desempenho da paravirtualização, com maior disponibilidade da virtualização completa. Ele faz isso abrindo canais adicionais de comunicação entre os hipervisores Xen e KVM no SUSE Linux Enterprise e os sistemas operacionais convidados não modificados executados em um ambiente virtual, o que acelera a entrada/saída de rede e de armazenamento e melhora a eficiência geral.
    </p>
  </content>

  <content key="suma-desc">
    <p>
      O SUSE Manager é a melhor solução de gerenciamento de infraestrutura de código-fonte aberto para sua infraestrutura definida por software.
    </p>
    <p>
      O SUSE Manager foi projetado para ajudar as equipes de DevOps e de Operações de TI da empresa a reduzir a complexidade e recuperar o controle dos ativos de TI. Com o SUSE Manager, uma única ferramenta é usada para gerenciar sistemas Linux em uma variedade de arquiteturas de hardware, hipervisores e plataformas de container, IoT e nuvem. Ele automatiza o aprovisionamento, a aplicação de patches e a configuração de dispositivos IoT e servidores Linux para permitir uma implantação de servidor rápida, consistente e repetível, ajudando a otimizar as operações e a reduzir os custos. E com o monitoramento, o rastreamento, a auditoria e a geração de relatórios automatizados de seus sistemas, VMs e containers em seus ambientes de desenvolvimento, teste e produção, você pode garantir a conformidade com as políticas de segurança internas e as normas externas.
    </p>
  </content>

  <content key="suma-retail-desc">
    <p>
      O SUSE Manager for Retail, uma solução de gerenciamento de infraestrutura de código-fonte aberto de próxima geração, oferece o melhor gerenciamento de infraestrutura de código-fonte aberto da categoria, otimizado e adaptado especificamente para o setor de varejo. De Mainframe e Clusters de HPC, servidores completamente vazios e VMs a implantações Linux de terminais de ponto de serviço, quiosques e sistemas de autoatendimento e vendas reversas, o SUSE Manager for Retail foi projetado para ajudar você a reduzir custos, otimizar operações e garantir a conformidade de toda a sua infraestrutura de TI, além de reduzir a complexidade e recuperar o controle.
    </p>
  </content>

</locale>
